Seção;Classe;Nome
A;1113;Cultivo de cereais
A;1121;Cultivo de algodão herbáceo e de outras fibras de lavoura temporária
A;1130;Cultivo de cana-de-açúcar
A;1148;Cultivo de fumo
A;1156;Cultivo de soja
A;1164;Cultivo de oleaginosas de lavoura temporária, exceto soja
A;1199;Cultivo de plantas de lavoura temporária não especificadas anteriormente
A;1211;Horticultura
A;1229;Cultivo de flores e plantas ornamentais
A;1318;Cultivo de laranja
A;1326;Cultivo de uva
A;1334;Cultivo de frutas de lavoura permanente, exceto laranja e uva
A;1342;Cultivo de café
A;1351;Cultivo de cacau
A;1393;Cultivo de plantas de lavoura permanente não especificadas anteriormente
A;1415;Produção de sementes certificadas
A;1423;Produção de mudas e outras formas de propagação vegetal, certificadas
A;1512;Criação de bovinos
A;1521;Criação de outros animais de grande porte
A;1539;Criação de caprinos e ovinos
A;1547;Criação de suínos
A;1555;Criação de aves
A;1598;Criação de animais não especificados anteriormente
A;1610;Atividades de apoio à agricultura
A;1628;Atividades de apoio à pecuária
A;1636;Atividades de pós-colheita
A;1709;Caça e serviços relacionados
A;2101;Produção florestal - florestas plantadas
A;2209;Produção florestal - florestas nativas
A;2306;Atividades de apoio à produção florestal
A;3116;Pesca em água salgada
A;3124;Pesca em água doce
A;3213;Aqüicultura em água salgada e salobra
A;3221;Aqüicultura em água doce
B;5003;Extração de carvão mineral
B;6000;Extração de petróleo e gás natural
B;7103;Extração de minério de ferro
B;7219;Extração de minério de alumínio
B;7227;Extração de minério de estanho
B;7235;Extração de minério de manganês
B;7243;Extração de minério de metais preciosos
B;7251;Extração de minerais radioativos
B;7294;Extração de minerais metálicos não-ferrosos não especificados anteriormente
B;8100;Extração de pedra, areia e argila
B;8916;Extração de minerais para fabricação de adubos, fertilizantes e outros produtos químicos
B;8924;Extração e refino de sal marinho e sal-gema
B;8932;Extração de gemas (pedras preciosas e semipreciosas)
B;8991;Extração de minerais não-metálicos não especificados anteriormente
B;9106;Atividades de apoio à extração de petróleo e gás natural
B;9904;Atividades de apoio à extração de minerais, exceto petróleo e gás natural
C;10112;Abate de reses, exceto suínos
C;10121;Abate de suínos, aves e outros pequenos animais
C;10139;Fabricação de produtos de carne
C;10201;Preservação do pescado e fabricação de produtos do pescado
C;10317;Fabricação de conservas de frutas
C;10325;Fabricação de conservas de legumes e outros vegetais
C;10333;Fabricação de sucos de frutas, hortaliças e legumes
C;10414;Fabricação de óleos vegetais em bruto, exceto óleo de milho
C;10422;Fabricação de óleos vegetais refinados, exceto óleo de milho
C;10431;Fabricação de margarina e outras gorduras vegetais e de óleos não-comestíveis de animais
C;10511;Preparação do leite
C;10520;Fabricação de laticínios
C;10538;Fabricação de sorvetes e outros gelados comestíveis
C;10619;Beneficiamento de arroz e fabricação de produtos do arroz
C;10627;Moagem de trigo e fabricação de derivados
C;10635;Fabricação de farinha de mandioca e derivados
C;10643;Fabricação de farinha de milho e derivados, exceto óleos de milho
C;10651;Fabricação de amidos e féculas de vegetais e de óleos de milho
C;10660;Fabricação de alimentos para animais
C;10694;Moagem e fabricação de produtos de origem vegetal não especificados anteriormente
C;10716;Fabricação de açúcar em bruto
C;10724;Fabricação de açúcar refinado
C;10813;Torrefação e moagem de café
C;10821;Fabricação de produtos à base de café
C;10911;Fabricação de produtos de panificação
C;10929;Fabricação de biscoitos e bolachas
C;10937;Fabricação de produtos derivados do cacau, de chocolates e confeitos
C;10945;Fabricação de massas alimentícias
C;10953;Fabricação de especiarias, molhos, temperos e condimentos
C;10961;Fabricação de alimentos e pratos prontos
C;10996;Fabricação de produtos alimentícios não especificados anteriormente
C;11119;Fabricação de aguardentes e outras bebidas destiladas
C;11127;Fabricação de vinho
C;11135;Fabricação de malte, cervejas e chopes
C;11216;Fabricação de águas envasadas
C;11224;Fabricação de refrigerantes e de outras bebidas não-alcoólicas
C;12107;Processamento industrial do fumo
C;12204;Fabricação de produtos do fumo
C;13111;Preparação e fiação de fibras de algodão
C;13120;Preparação e fiação de fibras têxteis naturais, exceto algodão
C;13138;Fiação de fibras artificiais e sintéticas
C;13146;Fabricação de linhas para costurar e bordar
C;13219;Tecelagem de fios de algodão
C;13227;Tecelagem de fios de fibras têxteis naturais, exceto algodão
C;13235;Tecelagem de fios de fibras artificiais e sintéticas
C;13308;Fabricação de tecidos de malha
C;13405;Acabamentos em fios, tecidos e artefatos têxteis
C;13511;Fabricação de artefatos têxteis para uso doméstico
C;13529;Fabricação de artefatos de tapeçaria
C;13537;Fabricação de artefatos de cordoaria
C;13545;Fabricação de tecidos especiais, inclusive artefatos
C;13596;Fabricação de outros produtos têxteis não especificados anteriormente
C;14118;Confecção de roupas íntimas
C;14126;Confecção de peças do vestuário, exceto roupas íntimas
C;14134;Confecção de roupas profissionais
C;14142;Fabricação de acessórios do vestuário, exceto para segurança e proteção
C;14215;Fabricação de meias
C;14223;Fabricação de artigos do vestuário, produzidos em malharias e tricotagens, exceto meias
C;15106;Curtimento e outras preparações de couro
C;15211;Fabricação de artigos para viagem, bolsas e semelhantes de qualquer material
C;15297;Fabricação de artefatos de couro não especificados anteriormente
C;15319;Fabricação de calçados de couro
C;15327;Fabricação de tênis de qualquer material
C;15335;Fabricação de calçados de material sintético
C;15394;Fabricação de calçados de materiais não especificados anteriormente
C;15408;Fabricação de partes para calçados, de qualquer material
C;16102;Desdobramento de madeira
C;16218;Fabricação de madeira laminada e de chapas de madeira compensada, prensada e aglomerada
C;16226;Fabricação de estruturas de madeira e de artigos de carpintaria para construção
C;16234;Fabricação de artefatos de tanoaria e de embalagens de madeira
C;16293;Fabricação de artefatos de madeira, palha, cortiça, vime e material trançado não especificados anteriormente, exceto móveis
C;17109;Fabricação de celulose e outras pastas para a fabricação de papel
C;17214;Fabricação de papel
C;17222;Fabricação de cartolina e papel-cartão
C;17311;Fabricação de embalagens de papel
C;17320;Fabricação de embalagens de cartolina e papel-cartão
C;17338;Fabricação de chapas e de embalagens de papelão ondulado
C;17419;Fabricação de produtos de papel, cartolina, papel-cartão e papelão ondulado para uso comercial e de escritório
C;17427;Fabricação de produtos de papel para usos doméstico e higiênico-sanitário
C;17494;Fabricação de produtos de pastas celulósicas, papel, cartolina, papel-cartão e papelão ondulado não especificados anteriormente
C;18113;Impressão de jornais, livros, revistas e outras publicações periódicas
C;18121;Impressão de material de segurança
C;18130;Impressão de materiais para outros usos
C;18211;Serviços de pré-impressão
C;18229;Serviços de acabamentos gráficos
C;18300;Reprodução de materiais gravados em qualquer suporte
C;19101;Coquerias
C;19217;Fabricação de produtos do refino de petróleo
C;19225;Fabricação de produtos derivados do petróleo, exceto produtos do refino
C;19314;Fabricação de álcool
C;19322;Fabricação de biocombustíveis, exceto álcool
C;20118;Fabricação de cloro e álcalis
C;20126;Fabricação de intermediários para fertilizantes
C;20134;Fabricação de adubos e fertilizantes
C;20142;Fabricação de gases industriais
C;20193;Fabricação de produtos químicos inorgânicos não especificados anteriormente
C;20215;Fabricação de produtos petroquímicos básicos
C;20223;Fabricação de intermediários para plastificantes, resinas e fibras
C;20291;Fabricação de produtos químicos orgânicos não especificados anteriormente
C;20312;Fabricação de resinas termoplásticas
C;20321;Fabricação de resinas termofixas
C;20339;Fabricação de elastômeros
C;20401;Fabricação de fibras artificiais e sintéticas
C;20517;Fabricação de defensivos agrícolas
C;20525;Fabricação de desinfestantes domissanitários
C;20614;Fabricação de sabões e detergentes sintéticos
C;20622;Fabricação de produtos de limpeza e polimento
C;20631;Fabricação de cosméticos, produtos de perfumaria e de higiene pessoal
C;20711;Fabricação de tintas, vernizes, esmaltes e lacas
C;20720;Fabricação de tintas de impressão
C;20738;Fabricação de impermeabilizantes, solventes e produtos afins
C;20916;Fabricação de adesivos e selantes
C;20924;Fabricação de explosivos
C;20932;Fabricação de aditivos de uso industrial
C;20941;Fabricação de catalisadores
C;20991;Fabricação de produtos químicos não especificados anteriormente
C;21106;Fabricação de produtos farmoquímicos
C;21211;Fabricação de medicamentos para uso humano
C;21220;Fabricação de medicamentos para uso veterinário
C;21238;Fabricação de preparações farmacêuticas
C;22111;Fabricação de pneumáticos e de câmaras-de-ar
C;22129;Reforma de pneumáticos usados
C;22196;Fabricação de artefatos de borracha não especificados anteriormente
C;22218;Fabricação de laminados planos e tubulares de material plástico
C;22226;Fabricação de embalagens de material plástico
C;22234;Fabricação de tubos e acessórios de material plástico para uso na construção
C;22293;Fabricação de artefatos de material plástico não especificados anteriormente
C;23117;Fabricação de vidro plano e de segurança
C;23125;Fabricação de embalagens de vidro
C;23192;Fabricação de artigos de vidro
C;23206;Fabricação de cimento
C;23303;Fabricação de artefatos de concreto, cimento, fibrocimento, gesso e materiais semelhantes
C;23419;Fabricação de produtos cerâmicos refratários
C;23427;Fabricação de produtos cerâmicos não-refratários para uso estrutural na construção
C;23494;Fabricação de produtos cerâmicos não-refratários não especificados anteriormente
C;23915;Aparelhamento e outros trabalhos em pedras
C;23923;Fabricação de cal e gesso
C;23991;Fabricação de produtos de minerais não-metálicos não especificados anteriormente
C;24113;Produção de ferro-gusa
C;24121;Produção de ferroligas
C;24211;Produção de semi-acabados de aço
C;24229;Produção de laminados planos de aço
C;24237;Produção de laminados longos de aço
C;24245;Produção de relaminados, trefilados e perfilados de aço
C;24318;Produção de tubos de aço com costura
C;24393;Produção de outros tubos de ferro e aço
C;24415;Metalurgia do alumínio e suas ligas
C;24423;Metalurgia dos metais preciosos
C;24431;Metalurgia do cobre
C;24491;Metalurgia dos metais não-ferrosos e suas ligas não especificados anteriormente
C;24512;Fundição de ferro e aço
C;24521;Fundição de metais não-ferrosos e suas ligas
C;25110;Fabricação de estruturas metálicas
C;25128;Fabricação de esquadrias de metal
C;25136;Fabricação de obras de caldeiraria pesada
C;25217;Fabricação de tanques, reservatórios metálicos e caldeiras para aquecimento central
C;25225;Fabricação de caldeiras geradoras de vapor, exceto para aquecimento central e para veículos
C;25314;Produção de forjados de aço e de metais não-ferrosos e suas ligas
C;25322;"Produção de artefatos estampados de metal; metalurgia do pó"
C;25390;Serviços de usinagem, solda, tratamento e revestimento em metais
C;25411;Fabricação de artigos de cutelaria
C;25420;Fabricação de artigos de serralheria, exceto esquadrias
C;25438;Fabricação de ferramentas
C;25501;Fabricação de equipamento bélico pesado, armas de fogo e munições
C;25918;Fabricação de embalagens metálicas
C;25926;Fabricação de produtos de trefilados de metal
C;25934;Fabricação de artigos de metal para uso doméstico e pessoal
C;25993;Fabricação de produtos de metal não especificados anteriormente
C;26108;Fabricação de componentes eletrônicos
C;26213;Fabricação de equipamentos de informática
C;26221;Fabricação de periféricos para equipamentos de informática
C;26311;Fabricação de equipamentos transmissores de comunicação
C;26329;Fabricação de aparelhos telefônicos e de outros equipamentos de comunicação
C;26400;Fabricação de aparelhos de recepção, reprodução, gravação e amplificação de áudio e vídeo
C;26515;Fabricação de aparelhos e equipamentos de medida, teste e controle
C;26523;Fabricação de cronômetros e relógios
C;26604;Fabricação de aparelhos eletromédicos e eletroterapêuticos e equipamentos de irradiação
C;26701;Fabricação de equipamentos e instrumentos ópticos, fotográficos e cinematográficos
C;26809;Fabricação de mídias virgens, magnéticas e ópticas
C;27104;Fabricação de geradores, transformadores e motores elétricos
C;27210;Fabricação de pilhas, baterias e acumuladores elétricos, exceto para veículos automotores
C;27228;Fabricação de baterias e acumuladores para veículos automotores
C;27317;Fabricação de aparelhos e equipamentos para distribuição e controle de energia elétrica
C;27325;Fabricação de material elétrico para instalações em circuito de consumo
C;27333;Fabricação de fios, cabos e condutores elétricos isolados
C;27406;Fabricação de lâmpadas e outros equipamentos de iluminação
C;27511;Fabricação de fogões, refrigeradores e máquinas de lavar e secar para uso doméstico
C;27597;Fabricação de aparelhos eletrodomésticos não especificados anteriormente
C;27902;Fabricação de equipamentos e aparelhos elétricos não especificados anteriormente
C;28119;Fabricação de motores e turbinas, exceto para aviões e veículos rodoviários
C;28127;Fabricação de equipamentos hidráulicos e pneumáticos, exceto válvulas
C;28135;Fabricação de válvulas, registros e dispositivos semelhantes
C;28143;Fabricação de compressores
C;28151;Fabricação de equipamentos de transmissão para fins industriais
C;28216;Fabricação de aparelhos e equipamentos para instalações térmicas
C;28224;Fabricação de máquinas, equipamentos e aparelhos para transporte e elevação de cargas e pessoas
C;28232;Fabricação de máquinas e aparelhos de refrigeração e ventilação para uso industrial e comercial
C;28241;Fabricação de aparelhos e equipamentos de ar condicionado
C;28259;Fabricação de máquinas e equipamentos para saneamento básico e ambiental
C;28291;Fabricação de máquinas e equipamentos de uso geral não especificados anteriormente
C;28313;Fabricação de tratores agrícolas
C;28321;Fabricação de equipamentos para irrigação agrícola
C;28330;Fabricação de máquinas e equipamentos para a agricultura e pecuária, exceto para irrigação
C;28402;Fabricação de máquinas-ferramenta
C;28518;Fabricação de máquinas e equipamentos para a prospecção e extração de petróleo
C;28526;Fabricação de outras máquinas e equipamentos para uso na extração mineral, exceto na extração de petróleo
C;28534;Fabricação de tratores, exceto agrícolas
C;28542;Fabricação de máquinas e equipamentos para terraplenagem, pavimentação e construção, exceto tratores
C;28615;Fabricação de máquinas para a indústria metalúrgica, exceto máquinas-ferramenta
C;28623;Fabricação de máquinas e equipamentos para as indústrias de alimentos, bebidas e fumo
C;28631;Fabricação de máquinas e equipamentos para a indústria têxtil
C;28640;Fabricação de máquinas e equipamentos para as indústrias do vestuário, do couro e de calçados
C;28658;Fabricação de máquinas e equipamentos para as indústrias de celulose, papel e papelão e artefatos
C;28666;Fabricação de máquinas e equipamentos para a indústria do plástico
C;28691;Fabricação de máquinas e equipamentos para uso industrial específico não especificados anteriormente
C;29107;Fabricação de automóveis, camionetas e utilitários
C;29204;Fabricação de caminhões e ônibus
C;29301;Fabricação de cabines, carrocerias e reboques para veículos automotores
C;29417;Fabricação de peças e acessórios para o sistema motor de veículos automotores
C;29425;Fabricação de peças e acessórios para os sistemas de marcha e transmissão de veículos automotores
C;29433;Fabricação de peças e acessórios para o sistema de freios de veículos automotores
C;29441;Fabricação de peças e acessórios para o sistema de direção e suspensão de veículos automotores
C;29450;Fabricação de material elétrico e eletrônico para veículos automotores, exceto baterias
C;29492;Fabricação de peças e acessórios para veículos automotores não especificados anteriormente
C;29506;Recondicionamento e recuperação de motores para veículos automotores
C;30113;Construção de embarcações e estruturas flutuantes
C;30121;Construção de embarcações para esporte e lazer
C;30318;Fabricação de locomotivas, vagões e outros materiais rodantes
C;30326;Fabricação de peças e acessórios para veículos ferroviários
C;30415;Fabricação de aeronaves
C;30423;Fabricação de turbinas, motores e outros componentes e peças para aeronaves
C;30504;Fabricação de veículos militares de combate
C;30911;Fabricação de motocicletas
C;30920;Fabricação de bicicletas e triciclos não-motorizados
C;30997;Fabricação de equipamentos de transporte não especificados anteriormente
C;31012;Fabricação de móveis com predominância de madeira
C;31021;Fabricação de móveis com predominância de metal
C;31039;Fabricação de móveis de outros materiais, exceto madeira e metal
C;31047;Fabricação de colchões
C;32116;Lapidação de gemas e fabricação de artefatos de ourivesaria e joalheria
C;32124;Fabricação de bijuterias e artefatos semelhantes
C;32205;Fabricação de instrumentos musicais
C;32302;Fabricação de artefatos para pesca e esporte
C;32400;Fabricação de brinquedos e jogos recreativos
C;32507;Fabricação de instrumentos e materiais para uso médico e odontológico e de artigos ópticos
C;32914;Fabricação de escovas, pincéis e vassouras
C;32922;Fabricação de equipamentos e acessórios para segurança e proteção pessoal e profissional
C;32990;Fabricação de produtos diversos não especificados anteriormente
C;33112;Manutenção e reparação de tanques, reservatórios metálicos e caldeiras, exceto para veículos
C;33121;Manutenção e reparação de equipamentos eletrônicos e ópticos
C;33139;Manutenção e reparação de máquinas e equipamentos elétricos
C;33147;Manutenção e reparação de máquinas e equipamentos da indústria mecânica
C;33155;Manutenção e reparação de veículos ferroviários
C;33163;Manutenção e reparação de aeronaves
C;33171;Manutenção e reparação de embarcações
C;33198;Manutenção e reparação de equipamentos e produtos não especificados anteriormente
C;33210;Instalação de máquinas e equipamentos industriais
C;33295;Instalação de equipamentos não especificados anteriormente
D;35115;Geração de energia elétrica
D;35123;Transmissão de energia elétrica
D;35131;Comércio atacadista de energia elétrica
D;35140;Distribuição de energia elétrica
D;35204;"Produção de gás; processamento de gás natural; distribuição de combustíveis gasosos por redes urbanas"
D;35301;Produção e distribuição de vapor, água quente e ar condicionado
E;36006;Captação, tratamento e distribuição de água
E;37011;Gestão de redes de esgoto
E;37029;Atividades relacionadas a esgoto, exceto a gestão de redes
E;38114;Coleta de resíduos não-perigosos
E;38122;Coleta de resíduos perigosos
E;38211;Tratamento e disposição de resíduos não-perigosos
E;38220;Tratamento e disposição de resíduos perigosos
E;38319;Recuperação de materiais metálicos
E;38327;Recuperação de materiais plásticos
E;38394;Recuperação de materiais não especificados anteriormente
E;39005;Descontaminação e outros serviços de gestão de resíduos
F;41107;Incorporação de empreendimentos imobiliários
F;41204;Construção de edifícios
F;42111;Construção de rodovias e ferrovias
F;42120;Construção de obras-de-arte especiais
F;42138;Obras de urbanização - ruas, praças e calçadas
F;42219;Obras para geração e distribuição de energia elétrica e para telecomunicações
F;42227;Construção de redes de abastecimento de água, coleta de esgoto e construções correlatas
F;42235;Construção de redes de transportes por dutos, exceto para água e esgoto
F;42910;Obras portuárias, marítimas e fluviais
F;42928;Montagem de instalações industriais e de estruturas metálicas
F;42995;Obras de engenharia civil não especificadas anteriormente
F;43118;Demolição e preparação de canteiros de obras
F;43126;Perfurações e sondagens
F;43134;Obras de terraplenagem
F;43193;Serviços de preparação do terreno não especificados anteriormente
F;43215;Instalações elétricas
F;43223;Instalações hidráulicas, de sistemas de ventilação e refrigeração
F;43291;Obras de instalações em construções não especificadas anteriormente
F;43304;Obras de acabamento
F;43916;Obras de fundações
F;43991;Serviços especializados para construção não especificados anteriormente
G;45111;Comércio a varejo e por atacado de veículos automotores
G;45129;Representantes comerciais e agentes do comércio de veículos automotores
G;45200;Manutenção e reparação de veículos automotores
G;45307;Comércio de peças e acessórios para veículos automotores
G;45412;Comércio por atacado e a varejo de motocicletas, peças e acessórios
G;45421;Representantes comerciais e agentes do comércio de motocicletas, peças e acessórios
G;45439;Manutenção e reparação de motocicletas
G;46117;Representantes comerciais e agentes do comércio de matérias-primas agrícolas e animais vivos
G;46125;Representantes comerciais e agentes do comércio de combustíveis, minerais, produtos siderúrgicos e químicos
G;46133;Representantes comerciais e agentes do comércio de madeira, material de construção e ferragens
G;46141;Representantes comerciais e agentes do comércio de máquinas, equipamentos, embarcações e aeronaves
G;46150;Representantes comerciais e agentes do comércio de eletrodomésticos, móveis e artigos de uso doméstico
G;46168;Representantes comerciais e agentes do comércio de têxteis, vestuário, calçados e artigos de viagem
G;46176;Representantes comerciais e agentes do comércio de produtos alimentícios, bebidas e fumo
G;46184;Representantes comerciais e agentes do comércio especializado em produtos não especificados anteriormente
G;46192;Representantes comerciais e agentes do comércio de mercadorias em geral não especializado
G;46214;Comércio atacadista de café em grão
G;46222;Comércio atacadista de soja
G;46231;Comércio atacadista de animais vivos, alimentos para animais e matérias-primas agrícolas, exceto café e soja
G;46311;Comércio atacadista de leite e laticínios
G;46320;Comércio atacadista de cereais e leguminosas beneficiados, farinhas, amidos e féculas
G;46338;Comércio atacadista de hortifrutigranjeiros
G;46346;Comércio atacadista de carnes, produtos da carne e pescado
G;46354;Comércio atacadista de bebidas
G;46362;Comércio atacadista de produtos do fumo
G;46371;Comércio atacadista especializado em produtos alimentícios não especificados anteriormente
G;46397;Comércio atacadista de produtos alimentícios em geral
G;46419;Comércio atacadista de tecidos, artefatos de tecidos e de armarinho
G;46427;Comércio atacadista de artigos do vestuário e acessórios
G;46435;Comércio atacadista de calçados e artigos de viagem
G;46443;Comércio atacadista de produtos farmacêuticos para uso humano e veterinário
G;46451;Comércio atacadista de instrumentos e materiais para uso médico, cirúrgico, ortopédico e odontológico
G;46460;Comércio atacadista de cosméticos, produtos de perfumaria e de higiene pessoal
G;46478;"Comércio atacadista de artigos de escritório e de papelaria; livros, jornais e outras publicações"
G;46494;Comércio atacadista de equipamentos e artigos de uso pessoal e doméstico não especificados anteriormente
G;46516;Comércio atacadista de computadores, periféricos e suprimentos de informática
G;46524;Comércio atacadista de componentes eletrônicos e equipamentos de telefonia e comunicação
G;46613;"Comércio atacadista de máquinas, aparelhos e equipamentos para uso agropecuário; partes e peças"
G;46621;"Comércio atacadista de máquinas, equipamentos para terraplenagem, mineração e construção; partes e peças"
G;46630;"Comércio atacadista de máquinas e equipamentos para uso industrial; partes e peças"
G;46648;"Comércio atacadista de máquinas, aparelhos e equipamentos para uso odonto-médico-hospitalar; partes e peças"
G;46656;"Comércio atacadista de máquinas e equipamentos para uso comercial; partes e peças"
G;46699;"Comércio atacadista de máquinas, aparelhos e equipamentos não especificados anteriormente; partes e peças"
G;46711;Comércio atacadista de madeira e produtos derivados
G;46729;Comércio atacadista de ferragens e ferramentas
G;46737;Comércio atacadista de material elétrico
G;46745;Comércio atacadista de cimento
G;46796;Comércio atacadista especializado de materiais de construção não especificados anteriormente e de materiais de construção em geral
G;46818;Comércio atacadista de combustíveis sólidos, líquidos e gasosos, exceto gás natural e GLP
G;46826;Comércio atacadista de gás liqüefeito de petróleo (GLP)
G;46834;Comércio atacadista de defensivos agrícolas, adubos, fertilizantes e corretivos do solo
G;46842;Comércio atacadista de produtos químicos e petroquímicos, exceto agroquímicos
G;46851;Comércio atacadista de produtos siderúrgicos e metalúrgicos, exceto para construção
G;46869;Comércio atacadista de papel e papelão em bruto e de embalagens
G;46877;Comércio atacadista de resíduos e sucatas
G;46893;Comércio atacadista especializado de outros produtos intermediários não especificados anteriormente
G;46915;Comércio atacadista de mercadorias em geral, com predominância de produtos alimentícios
G;46923;Comércio atacadista de mercadorias em geral, com predominância de insumos agropecuários
G;46931;Comércio atacadista de mercadorias em geral, sem predominância de alimentos ou de insumos agropecuários
G;47113;Comércio varejista de mercadorias em geral, com predominância de produtos alimentícios - hipermercados e supermercados
G;47121;Comércio varejista de mercadorias em geral, com predominância de produtos alimentícios - minimercados, mercearias e armazéns
G;47130;Comércio varejista de mercadorias em geral, sem predominância de produtos alimentícios
G;47211;Comércio varejista de produtos de padaria, laticínio, doces, balas e semelhantes
G;47229;Comércio varejista de carnes e pescados - açougues e peixarias
G;47237;Comércio varejista de bebidas
G;47245;Comércio varejista de hortifrutigranjeiros
G;47296;"Comércio varejista de produtos alimentícios em geral ou especializado em produtos alimentícios não especificados anteriormente; produtos do fumo"
G;47318;Comércio varejista de combustíveis para veículos automotores
G;47326;Comércio varejista de lubrificantes
G;47415;Comércio varejista de tintas e materiais para pintura
G;47423;Comércio varejista de material elétrico
G;47431;Comércio varejista de vidros
G;47440;Comércio varejista de ferragens, madeira e materiais de construção
G;47512;Comércio varejista especializado de equipamentos e suprimentos de informática
G;47521;Comércio varejista especializado de equipamentos de telefonia e comunicação
G;47539;Comércio varejista especializado de eletrodomésticos e equipamentos de áudio e vídeo
G;47547;Comércio varejista especializado de móveis, colchoaria e artigos de iluminação
G;47555;Comércio varejista especializado de tecidos e artigos de cama, mesa e banho
G;47563;Comércio varejista especializado de instrumentos musicais e acessórios
G;47571;Comércio varejista especializado de peças e acessórios para aparelhos eletroeletrônicos para uso doméstico, exceto informática e comunicação
G;47598;Comércio varejista de artigos de uso doméstico não especificados anteriormente
G;47610;Comércio varejista de livros, jornais, revistas e papelaria
G;47628;Comércio varejista de discos, CDs, DVDs e fitas
G;47636;Comércio varejista de artigos recreativos e esportivos
G;47717;Comércio varejista de produtos farmacêuticos para uso humano e veterinário
G;47725;Comércio varejista de cosméticos, produtos de perfumaria e de higiene pessoal
G;47733;Comércio varejista de artigos médicos e ortopédicos
G;47741;Comércio varejista de artigos de óptica
G;47814;Comércio varejista de artigos do vestuário e acessórios
G;47822;Comércio varejista de calçados e artigos de viagem
G;47831;Comércio varejista de jóias e relógios
G;47849;Comércio varejista de gás liqüefeito de petróleo (GLP)
G;47857;Comércio varejista de artigos usados
G;47890;Comércio varejista de outros produtos novos não especificados anteriormente
H;49116;Transporte ferroviário de carga
H;49124;Transporte metroferroviário de passageiros
H;49213;Transporte rodoviário coletivo de passageiros, com itinerário fixo, municipal e em região metropolitana
H;49221;Transporte rodoviário coletivo de passageiros, com itinerário fixo, intermunicipal, interestadual e internacional
H;49230;Transporte rodoviário de táxi
H;49248;Transporte escolar
H;49299;Transporte rodoviário coletivo de passageiros, sob regime de fretamento, e outros transportes rodoviários não especificados anteriormente
H;49302;Transporte rodoviário de carga
H;49400;Transporte dutoviário
H;49507;Trens turísticos, teleféricos e similares
H;50114;Transporte marítimo de cabotagem
H;50122;Transporte marítimo de longo curso
H;50211;Transporte por navegação interior de carga
H;50220;Transporte por navegação interior de passageiros em linhas regulares
H;50301;Navegação de apoio
H;50912;Transporte por navegação de travessia
H;50998;Transportes aquaviários não especificados anteriormente
H;51111;Transporte aéreo de passageiros regular
H;51129;Transporte aéreo de passageiros não-regular
H;51200;Transporte aéreo de carga
H;51307;Transporte espacial
H;52117;Armazenamento
H;52125;Carga e descarga
H;52214;Concessionárias de rodovias, pontes, túneis e serviços relacionados
H;52222;Terminais rodoviários e ferroviários
H;52231;Estacionamento de veículos
H;52290;Atividades auxiliares dos transportes terrestres não especificadas anteriormente
H;52311;Gestão de portos e terminais
H;52320;Atividades de agenciamento marítimo
H;52397;Atividades auxiliares dos transportes aquaviários não especificadas anteriormente
H;52401;Atividades auxiliares dos transportes aéreos
H;52508;Atividades relacionadas à organização do transporte de carga
H;53105;Atividades de Correio
H;53202;Atividades de malote e de entrega
I;55108;Hotéis e similares
I;55906;Outros tipos de alojamento não especificados anteriormente
I;56112;Restaurantes e outros estabelecimentos de serviços de alimentação e bebidas
I;56121;Serviços ambulantes de alimentação
I;56201;Serviços de catering, bufê e outros serviços de comida preparada
J;58115;Edição de livros
J;58123;Edição de jornais
J;58131;Edição de revistas
J;58191;Edição de cadastros, listas e outros produtos gráficos
J;58212;Edição integrada à impressão de livros
J;58221;Edição integrada à impressão de jornais
J;58239;Edição integrada à impressão de revistas
J;58298;Edição integrada à impressão de cadastros, listas e outros produtos gráficos
J;59111;Atividades de produção cinematográfica, de vídeos e de programas de televisão
J;59120;Atividades de pós-produção cinematográfica, de vídeos e de programas de televisão
J;59138;Distribuição cinematográfica, de vídeo e de programas de televisão
J;59146;Atividades de exibição cinematográfica
J;59201;Atividades de gravação de som e de edição de música
J;60101;Atividades de rádio
J;60217;Atividades de televisão aberta
J;60225;Programadoras e atividades relacionadas à televisão por assinatura
J;61108;Telecomunicações por fio
J;61205;Telecomunicações sem fio
J;61302;Telecomunicações por satélite
J;61418;Operadoras de televisão por assinatura por cabo
J;61426;Operadoras de televisão por assinatura por microondas
J;61434;Operadoras de televisão por assinatura por satélite
J;61906;Outras atividades de telecomunicações
J;62015;Desenvolvimento de programas de computador sob encomenda
J;62023;Desenvolvimento e licenciamento de programas de computador customizáveis
J;62031;Desenvolvimento e licenciamento de programas de computador não-customizáveis
J;62040;Consultoria em tecnologia da informação
J;62091;Suporte técnico, manutenção e outros serviços em tecnologia da informação
J;63119;Tratamento de dados, provedores de serviços de aplicação e serviços de hospedagem na internet
J;63194;Portais, provedores de conteúdo e outros serviços de informação na internet
J;63917;Agências de notícias
J;63992;Outras atividades de prestação de serviços de informação não especificadas anteriormente
K;64107;Banco Central
K;64212;Bancos comerciais
K;64221;Bancos múltiplos, com carteira comercial
K;64239;Caixas econômicas
K;64247;Crédito cooperativo
K;64310;Bancos múltiplos, sem carteira comercial
K;64328;Bancos de investimento
K;64336;Bancos de desenvolvimento
K;64344;Agências de fomento
K;64352;Crédito imobiliário
K;64361;Sociedades de crédito, financiamento e investimento - financeiras
K;64379;Sociedades de crédito ao microempreendedor
K;64387;Bancos de câmbio e outras instituições de intermediação não-monetária
K;64409;Arrendamento mercantil
K;64506;Sociedades de capitalização
K;64611;Holdings de instituições financeiras
K;64620;Holdings de instituições não-financeiras
K;64638;Outras sociedades de participação, exceto holdings
K;64701;Fundos de investimento
K;64913;Sociedades de fomento mercantil - factoring
K;64921;Securitização de créditos
K;64930;Administração de consórcios para aquisição de bens e direitos
K;64999;Outras atividades de serviços financeiros não especificadas anteriormente
K;65111;Seguros de vida
K;65120;Seguros não-vida
K;65201;Seguros-saúde
K;65308;Resseguros
K;65413;Previdência complementar fechada
K;65421;Previdência complementar aberta
K;65502;Planos de saúde
K;66118;Administração de bolsas e mercados de balcão organizados
K;66126;Atividades de intermediários em transações de títulos, valores mobiliários e mercadorias
K;66134;Administração de cartões de crédito
K;66193;Atividades auxiliares dos serviços financeiros não especificadas anteriormente
K;66215;Avaliação de riscos e perdas
K;66223;Corretores e agentes de seguros, de planos de previdência complementar e de saúde
K;66291;Atividades auxiliares dos seguros, da previdência complementar e dos planos de saúde não especificadas anteriormente
K;66304;Atividades de administração de fundos por contrato ou comissão
L;68102;Atividades imobiliárias de imóveis próprios
L;68218;Intermediação na compra, venda e aluguel de imóveis
L;68226;Gestão e administração da propriedade imobiliária
M;69117;Atividades jurídicas, exceto cartórios
M;69125;Cartórios
M;69206;Atividades de contabilidade, consultoria e auditoria contábil e tributária
M;70204;Atividades de consultoria em gestão empresarial
M;71111;Serviços de arquitetura
M;71120;Serviços de engenharia
M;71197;Atividades técnicas relacionadas à arquitetura e engenharia
M;71201;Testes e análises técnicas
M;72100;Pesquisa e desenvolvimento experimental em ciências físicas e naturais
M;72207;Pesquisa e desenvolvimento experimental em ciências sociais e humanas
M;73114;Agências de publicidade
M;73122;Agenciamento de espaços para publicidade, exceto em veículos de comunicação
M;73190;Atividades de publicidade não especificadas anteriormente
M;73203;Pesquisas de mercado e de opinião pública
M;74102;Design e decoração de interiores
M;74200;Atividades fotográficas e similares
M;74901;Atividades profissionais, científicas e técnicas não especificadas anteriormente
M;75001;Atividades veterinárias
N;77110;Locação de automóveis sem condutor
N;77195;Locação de meios de transporte, exceto automóveis, sem condutor
N;77217;Aluguel de equipamentos recreativos e esportivos
N;77225;Aluguel de fitas de vídeo, DVDs e similares
N;77233;Aluguel de objetos do vestuário, jóias e acessórios
N;77292;Aluguel de objetos pessoais e domésticos não especificados anteriormente
N;77314;Aluguel de máquinas e equipamentos agrícolas sem operador
N;77322;Aluguel de máquinas e equipamentos para construção sem operador
N;77331;Aluguel de máquinas e equipamentos para escritório
N;77390;Aluguel de máquinas e equipamentos não especificados anteriormente
N;77403;Gestão de ativos intangíveis não-financeiros
N;78108;Seleção e agenciamento de mão-de-obra
N;78205;Locação de mão-de-obra temporária
N;78302;Fornecimento e gestão de recursos humanos para terceiros
N;79112;Agências de viagens
N;79121;Operadores turísticos
N;79902;Serviços de reservas e outros serviços de turismo não especificados anteriormente
N;80111;Atividades de vigilância e segurança privada
N;80129;Atividades de transporte de valores
N;80200;Atividades de monitoramento de sistemas de segurança
N;80307;Atividades de investigação particular
N;81117;Serviços combinados para apoio a edifícios, exceto condomínios prediais
N;81125;Condomínios prediais
N;81214;Limpeza em prédios e em domicílios
N;81222;Imunização e controle de pragas urbanas
N;81290;Atividades de limpeza não especificadas anteriormente
N;81303;Atividades paisagísticas
N;82113;Serviços combinados de escritório e apoio administrativo
N;82199;Fotocópias, preparação de documentos e outros serviços especializados de apoio administrativo
N;82202;Atividades de teleatendimento
N;82300;Atividades de organização de eventos, exceto culturais e esportivos
N;82911;Atividades de cobrança e informações cadastrais
N;82920;Envasamento e empacotamento sob contrato
N;82997;Atividades de serviços prestados principalmente às empresas não especificadas anteriormente
O;84116;Administração pública em geral
O;84124;Regulação das atividades de saúde, educação, serviços culturais e outros serviços sociais
O;84132;Regulação das atividades econômicas
O;84213;Relações exteriores
O;84221;Defesa
O;84230;Justiça
O;84248;Segurança e ordem pública
O;84256;Defesa Civil
O;84302;Seguridade social obrigatória
P;85112;Educação infantil - creche
P;85121;Educação infantil - pré-escola
P;85139;Ensino fundamental
P;85201;Ensino médio
P;85317;Educação superior - graduação
P;85325;Educação superior - graduação e pós-graduação
P;85333;Educação superior - pós-graduação e extensão
P;85414;Educação profissional de nível técnico
P;85422;Educação profissional de nível tecnológico
P;85503;Atividades de apoio à educação
P;85911;Ensino de esportes
P;85929;Ensino de arte e cultura
P;85937;Ensino de idiomas
P;85996;Atividades de ensino não especificadas anteriormente
Q;86101;Atividades de atendimento hospitalar
Q;86216;Serviços móveis de atendimento a urgências
Q;86224;Serviços de remoção de pacientes, exceto os serviços móveis de atendimento a urgências
Q;86305;Atividades de atenção ambulatorial executadas por médicos e odontólogos
Q;86402;Atividades de serviços de complementação diagnóstica e terapêutica
Q;86500;Atividades de profissionais da área de saúde, exceto médicos e odontólogos
Q;86607;Atividades de apoio à gestão de saúde
Q;86909;Atividades de atenção à saúde humana não especificadas anteriormente
Q;87115;Atividades de assistência a idosos, deficientes físicos, imunodeprimidos e convalescentes prestadas em residências coletivas e particulares
Q;87123;Atividades de fornecimento de infra-estrutura de apoio e assistência a paciente no domicílio
Q;87204;Atividades de assistência psicossocial e à saúde a portadores de distúrbios psíquicos, deficiência mental e dependência química
Q;87301;Atividades de assistência social prestadas em residências coletivas e particulares
Q;88006;Serviços de assistência social sem alojamento
R;90019;Artes cênicas, espetáculos e atividades complementares
R;90027;Criação artística
R;90035;Gestão de espaços para artes cênicas, espetáculos e outras atividades artísticas
R;91015;Atividades de bibliotecas e arquivos
R;91023;Atividades de museus e de exploração, restauração artística e conservação de lugares e prédios históricos e atrações similares
R;91031;Atividades de jardins botânicos, zoológicos, parques nacionais, reservas ecológicas e áreas de proteção ambiental
R;92003;Atividades de exploração de jogos de azar e apostas
R;93115;Gestão de instalações de esportes
R;93123;Clubes sociais, esportivos e similares
R;93131;Atividades de condicionamento físico
R;93191;Atividades esportivas não especificadas anteriormente
R;93212;Parques de diversão e parques temáticos
R;93298;Atividades de recreação e lazer não especificadas anteriormente
S;94111;Atividades de organizações associativas patronais e empresariais
S;94120;Atividades de organizações associativas profissionais
S;94201;Atividades de organizações sindicais
S;94308;Atividades de associações de defesa de direitos sociais
S;94910;Atividades de organizações religiosas
S;94928;Atividades de organizações políticas
S;94936;Atividades de organizações associativas ligadas à cultura e à arte
S;94995;Atividades associativas não especificadas anteriormente
S;95118;Reparação e manutenção de computadores e de equipamentos periféricos
S;95126;Reparação e manutenção de equipamentos de comunicação
S;95215;Reparação e manutenção de equipamentos eletroeletrônicos de uso pessoal e doméstico
S;95291;Reparação e manutenção de objetos e equipamentos pessoais e domésticos não especificados anteriormente
S;96017;Lavanderias, tinturarias e toalheiros
S;96025;Cabeleireiros e outras atividades de tratamento de beleza
S;96033;Atividades funerárias e serviços relacionados
S;96092;Atividades de serviços pessoais não especificadas anteriormente
T;97005;Serviços domésticos
U;99008;Organismos internacionais e outras instituições extraterritoriais
